No Title,x.com,https://x.com/i/status/1948308039250911680,2025-07-25,02:46:08,
No Title,x.com,https://x.com/i/status/1946018910861742198,2025-07-25,02:46:33,
No Title,pbs.twimg.com,https://pbs.twimg.com/media/GwWSu9-acAAJpZd?format=jpg&name=small,2025-07-25,02:46:46,
No Title,scontent-yyz1-1.xx.fbcdn.net,https://scontent-yyz1-1.xx.fbcdn.net/v/t39.30808-6/494076812_643243278714448_4620646969813533027_n.jpg?_nc_cat=108&ccb=1-7&_nc_sid=833d8c&_nc_ohc=i32LSQkurjYQ7kNvwGHN9qC&_nc_oc=AdlNak0KF53jxVdaxUWv2rpzpReq8GL2icI8LB_gWWlu189_9se0xUKy_h30ZvEL2hs&_nc_zt=23&_nc_ht=scontent-yyz1-1.xx&_nc_gid=SAbQT1Fq1mKerGOgtmieBQ&oh=00_AfTwM7kQZ5WHGpy16XclnoRdrDn58mblDyAEC2rE6GB0kQ&oe=6888FD5C,2025-07-25,02:47:46,jpg
Log into Facebook,www.facebook.com,https://www.facebook.com/photo/?fbid=122165301482543420&set=g.768644817044445,2025-07-25,02:49:19,
No Title,scontent-yyz1-1.xx.fbcdn.net,https://scontent-yyz1-1.xx.fbcdn.net/v/t39.30808-6/517240087_122165301518543420_4440033569792494810_n.jpg?_nc_cat=100&ccb=1-7&_nc_sid=aa7b47&_nc_ohc=A7IlvjWDzooQ7kNvwGMTi72&_nc_oc=Adk62oxs6vJl4wel3iSVfcftsoh55OPh3EP23tnQT8HbdLMbPqarG0sTPJEa4KDwv9Q&_nc_zt=23&_nc_ht=scontent-yyz1-1.xx&_nc_gid=3-BjAiyYB-urAlCKRXrkgQ&oh=00_AfQR4ENC-6S1e4cVlr4CsDwCc7OF1IVQ_ShwNL6lz6JD_A&oe=6888F4D7,2025-07-25,02:49:50,jpg
No Title,scontent-yyz1-1.xx.fbcdn.net,https://scontent-yyz1-1.xx.fbcdn.net/v/t39.30808-6/513839637_122134858742683606_328662291132700555_n.jpg?_nc_cat=102&ccb=1-7&_nc_sid=aa7b47&_nc_ohc=sZFW2NX7LHUQ7kNvwGxeVxT&_nc_oc=AdnsLYSv-cpYJft1vXgXLMwy-JWmgfetTrC-jf3OkHRXjx8cwdyIbnQPbXmuGooK4nY&_nc_zt=23&_nc_ht=scontent-yyz1-1.xx&_nc_gid=bvSMBGB3vDs_vyT9TfR5vg&oh=00_AfR-3oaeQ7MaE8ZNGOSaxmBwuSdLv--PcZwXLukQKySaTg&oe=6888F452,2025-07-25,02:50:21,jpg
Ma Ri,www.facebook.com,https://www.facebook.com/profile.php?id=100077284303953&sk=photos&locale=fy_NL,2025-07-25,02:51:00,php
No Title,scontent-yyz1-1.xx.fbcdn.net,https://scontent-yyz1-1.xx.fbcdn.net/v/t39.30808-6/513962139_737809342138536_9056308153247337998_n.jpg?_nc_cat=107&ccb=1-7&_nc_sid=833d8c&_nc_ohc=CYO5KALn2NwQ7kNvwHPSxs_&_nc_oc=Adkz5gfU0UKT9rswUNLRSTqwlMZYJXkyzcag-WGfcDbNtg1icekcQ0rt9d289cEMeSI&_nc_zt=23&_nc_ht=scontent-yyz1-1.xx&_nc_gid=-F7FRHIfJdIRnrCL8ehq6A&oh=00_AfR1IIMl2e6Y_F-R3soACWG9DHFQCT4wtTxlyUhK4HRcuA&oe=6888F0A2,2025-07-25,02:51:18,jpg
No Title,scontent-yyz1-1.xx.fbcdn.net,https://scontent-yyz1-1.xx.fbcdn.net/v/t39.30808-6/495224430_699244335995037_7672490056854577525_n.jpg?_nc_cat=104&ccb=1-7&_nc_sid=833d8c&_nc_ohc=X7dG70vxIGkQ7kNvwH98TIb&_nc_oc=AdnTw1vZyb_DpauDGVidS_1ciG6NJ7ZzyVrRfAnZRK2O668Ylqe786cKy-Qxmeeddh0&_nc_zt=23&_nc_ht=scontent-yyz1-1.xx&_nc_gid=yD9BA2IevfWaYSuAkMXNuw&oh=00_AfStGr75NiJN2asgodQ6egKNJZYg4zf_WEMLaK0RiyabZg&oe=6889051E,2025-07-25,02:51:38,jpg
No Title,scontent-yyz1-1.xx.fbcdn.net,https://scontent-yyz1-1.xx.fbcdn.net/v/t39.30808-6/484990923_660392866546851_3408125422637923729_n.jpg?_nc_cat=103&ccb=1-7&_nc_sid=833d8c&_nc_ohc=xUpnANi4YQUQ7kNvwGLd5K3&_nc_oc=Adktonds2p4z_shHKn6_7r-55bzAdLjK7QkG1lb4K-Wn0apMbXLchYIMZtpDsQ71Fro&_nc_zt=23&_nc_ht=scontent-yyz1-1.xx&_nc_gid=4C1DW9EMzG5ZV_VSXdLorw&oh=00_AfSJ5TCm6fmafFUcMdpOK6-VQ-9WzehEYxfaaDzze0Noww&oe=6888EF4A,2025-07-25,02:52:11,jpg
No Title,scontent-yyz1-1.xx.fbcdn.net,https://scontent-yyz1-1.xx.fbcdn.net/v/t39.30808-6/481059622_648638597722278_4501210430969704581_n.jpg?_nc_cat=100&ccb=1-7&_nc_sid=833d8c&_nc_ohc=OfSUopdgHTkQ7kNvwHCRsrM&_nc_oc=AdlazCDmzWl4rxr7PKjJyqjrKE53d5nEOqzEO5BIjQQDu9Ny4dt1rBijBq2_Fx-mBfo&_nc_zt=23&_nc_ht=scontent-yyz1-1.xx&_nc_gid=HjUII_k1sWsoFxi6mfFyIg&oh=00_AfQjPC-eWZAriB_WcIVok04mH2GtG987-DQYdlS3PRXz7g&oe=6888FE1A,2025-07-25,02:52:37,jpg
No Title,scontent-yyz1-1.xx.fbcdn.net,https://scontent-yyz1-1.xx.fbcdn.net/v/t39.30808-6/481315892_648295094423295_1816885362133470522_n.jpg?_nc_cat=105&ccb=1-7&_nc_sid=833d8c&_nc_ohc=hZXsTtX--w0Q7kNvwEl3KGr&_nc_oc=Adn0Cs5VWW7RdqIIesETHF7LLL0-XxM93NNqrN_wCTt8QDpAGzltwg3tniKMEVQ_oKQ&_nc_zt=23&_nc_ht=scontent-yyz1-1.xx&_nc_gid=C9OETQifMJlEBsDuwdKLsQ&oh=00_AfQpbjbNrIlwBki20gThwdEijvovWX34NQgXj4P4yKE3Gg&oe=688904BB,2025-07-25,02:53:03,jpg
No Title,scontent-yyz1-1.xx.fbcdn.net,https://scontent-yyz1-1.xx.fbcdn.net/v/t39.30808-6/481250407_648293707756767_3396932027206356886_n.jpg?_nc_cat=110&ccb=1-7&_nc_sid=833d8c&_nc_ohc=DC8FGbaACgYQ7kNvwEiJY4s&_nc_oc=Adk-EVUUw3jLe45_GxbjhGhO_oocivdGBAPRDbl8KWpAlcpBh2ID7--fgE9QWX01AiQ&_nc_zt=23&_nc_ht=scontent-yyz1-1.xx&_nc_gid=CnzPh_v93U2ByAImXVDM6A&oh=00_AfSJlGjEE4CltydRFeg2nWi5rkj0LlyNPNH_aIgYTI62kw&oe=688917AB,2025-07-25,02:53:09,jpg
No Title,scontent-yyz1-1.xx.fbcdn.net,https://scontent-yyz1-1.xx.fbcdn.net/v/t39.30808-6/481213333_648281324424672_1548314972380900240_n.jpg?_nc_cat=108&ccb=1-7&_nc_sid=833d8c&_nc_ohc=ysDjbe94ghsQ7kNvwFyUEtw&_nc_oc=Admr80qxhLo4QL2EwBXjeKNpdlFSaI5ZVsMooY3y0kuFFKWsLfabBfrDrtFAh3rYql4&_nc_zt=23&_nc_ht=scontent-yyz1-1.xx&_nc_gid=A1zr6TNndT7QC0hgI74uBw&oh=00_AfQvVlsbMrwaVd8RSjAP611K3b7GZ_uKBxYfknFNGHNHpw&oe=6888F2AF,2025-07-25,02:53:15,jpg
No Title,scontent-yyz1-1.xx.fbcdn.net,https://scontent-yyz1-1.xx.fbcdn.net/v/t39.30808-6/481447966_648276847758453_313065344777066860_n.jpg?_nc_cat=104&ccb=1-7&_nc_sid=833d8c&_nc_ohc=8elNaCPM4rQQ7kNvwFtHhQm&_nc_oc=Adn6vHsfSVYyRt-wKoeCsQzEzkOapFV7UKJrsos-pcZEwZvjkBJDBwy1S7SonnRWnPg&_nc_zt=23&_nc_ht=scontent-yyz1-1.xx&_nc_gid=Qdq5F_EI9cgTU82-28NR3w&oh=00_AfTJZf_p8EXHAp77jfudfNxrH3Hs4wLi0fhcsX2WNrcpOA&oe=6888E4A3,2025-07-25,02:53:23,jpg
No Title,scontent-yyz1-1.xx.fbcdn.net,https://scontent-yyz1-1.xx.fbcdn.net/v/t39.30808-6/481217691_648277164425088_5288334589423822169_n.jpg?_nc_cat=104&ccb=1-7&_nc_sid=833d8c&_nc_ohc=81kHMPWW-zUQ7kNvwGqWroB&_nc_oc=AdmiufhROsNf_SzYNGty6nO-HsP3JmMCKq91zZTknaW6e7OjEi_JVfF8T51VhjVO5Bw&_nc_zt=23&_nc_ht=scontent-yyz1-1.xx&_nc_gid=B3o6sTLQEm9R_tn8rPgc6g&oh=00_AfRz2MxOQSpnbx7LIZ0H7-9GgKu6yD_ypKNx-tFsmxSgdA&oe=6888E7EA,2025-07-25,02:53:27,jpg
No Title,scontent-yyz1-1.xx.fbcdn.net,https://scontent-yyz1-1.xx.fbcdn.net/v/t39.30808-6/481262120_648277127758425_8860268699258243483_n.jpg?_nc_cat=103&ccb=1-7&_nc_sid=833d8c&_nc_ohc=PVOD0ua-CaYQ7kNvwGfuAsa&_nc_oc=AdnelM6tczlTT6uJHXa4H6Lg-0RVkbPW24P7kMibIj5yWH0VpoCeC95iYAF6amZly6Y&_nc_zt=23&_nc_ht=scontent-yyz1-1.xx&_nc_gid=w7H9lNHGwzHRKhzwHzcQ-g&oh=00_AfSyoFtYVW_FbRVH0CFj5dyD40OOqvoikW_UEcOyYLKXFg&oe=6888F391,2025-07-25,02:53:32,jpg
No Title,scontent-yyz1-1.xx.fbcdn.net,https://scontent-yyz1-1.xx.fbcdn.net/v/t39.30808-6/523363944_31325554783696321_2035126043080951013_n.jpg?_nc_cat=110&ccb=1-7&_nc_sid=aa7b47&_nc_ohc=VERt54RAn8MQ7kNvwETmjSd&_nc_oc=AdleubMACci3wGA8RuB9t2n5R8xuA083pkLk-dFuhcOWrhzaLlzrRmzWIj--n2HjVD4&_nc_zt=23&_nc_ht=scontent-yyz1-1.xx&_nc_gid=UQghZ47hhbyk6hI4mB0JWg&oh=00_AfRWuJViIyNz9BWA-hVIYQbgkYuRuJRDEHw0Vnpbdfmw8g&oe=68890306,2025-07-25,02:54:57,jpg
No Title,scontent-yyz1-1.xx.fbcdn.net,https://scontent-yyz1-1.xx.fbcdn.net/v/t39.30808-6/522650654_31325554263696373_587400675746982519_n.jpg?_nc_cat=108&ccb=1-7&_nc_sid=aa7b47&_nc_ohc=LSdy9tJOXHcQ7kNvwHiP1om&_nc_oc=Adl6twZTgnNXxm5pzPnVNa9s-_j0afYTTB87Fj9xFHhbB5HKkNFfyO3vbdyryxtalQg&_nc_zt=23&_nc_ht=scontent-yyz1-1.xx&_nc_gid=jyFCiIZ4sJuN4ZpDYqz4hg&oh=00_AfS__bK271LCXPEF5BCu7XwbEW1W7MH_JBglp2RgRTnhnQ&oe=6888EB8A,2025-07-25,02:55:00,jpg
DDoS-Guard,simpcity.cr,https://simpcity.cr/threads/jenna-fischer.195306/,2025-07-25,03:16:52,
[Mondomonger] Elizabeth Olsen - Pack | Bunkr,bunkr.cr,https://bunkr.cr/a/lgt5hIKc,2025-07-25,03:25:06,
[MondoKpop] Jennie | Bunkr,bunkr.cr,https://bunkr.cr/a/iAXgkQMI,2025-07-25,03:26:30,
Gofile - Cloud Storage Made Simple,gofile.io,https://gofile.io/d/HJ7HRg,2025-07-25,03:26:44,
DDoS-Guard,simpcity.cr,https://simpcity.cr/threads/hayley-atwell.177305/,2025-07-25,03:29:14,
Log in | SimpCity Forums,simpcity.cr,https://simpcity.cr/threads/hayley-atwell.177305/post-2335826,2025-07-25,03:31:23,
Free Chat with Naked Girls and Live Female Cams ❤️ | CAM4,energizeio.com,https://energizeio.com/cjzyl4k.php?key=gic7a3w4swui638ilk3s,2025-07-25,03:32:22,php
"00044 Nude, - JPG6",jpg5.su,https://jpg5.su/img/avlvjlI,2025-07-25,03:34:07,
"00052 Nude, - JPG6",jpg5.su,https://jpg5.su/img/avlvhSu,2025-07-25,03:34:09,
No Title,catflix.su,https://catflix.su/home,2025-07-25,04:18:25,
Just a moment...,tensor.art,https://tensor.art/images/883017670423773392?post_id=883017670423773393&source_id=kTuzrlvmlUS7rfQsYHrz8REg,2025-07-25,05:06:18,
2160x2880 18c04abe9fa453ef16a23b925ff95a33 - JPG6,jpg5.su,https://jpg5.su/img/aETT2D9,2025-07-25,22:30:49,
Vicki Li,vickili.tumblr.com,https://vickili.tumblr.com,2025-07-25,22:31:16,com
DDoS-Guard,simpcity.cr,https://simpcity.cr/threads/vicki-li-vickibaybeee.96833/page-6,2025-07-25,22:38:55,
Untitled video.mp4 | Bunkr,bunkr.si,https://bunkr.si/f/htbE79ZYYhTFz,2025-07-25,22:39:53,
01921 naked girl realistic high quality - JPG6,jpg4.su,https://jpg4.su/img/YbiGuBg,2025-07-25,22:43:18,
Rachel Pizzolato beautyandbrainswithatwist 61316cf7d819e58d6 - JPG6,jpg4.su,https://jpg4.su/img/YbiGo2m,2025-07-25,22:43:20,
1000019959 - JPG6,jpg5.su,https://jpg5.su/img/aZeAFGK,2025-07-25,22:43:23,
No Title,simp6.jpg5.su,https://simp6.jpg5.su/images3/download8b7f0888f67f8ad59.md.webp,2025-07-25,22:48:03,webp
No Title,simp6.jpg5.su,https://simp6.jpg5.su/images3/download76cc34a22b934d233.md.webp,2025-07-25,22:48:14,webp
No Title,simp6.jpg5.su,https://simp6.jpg5.su/images3/download59a0443738a3c3c2f.md.webp,2025-07-25,22:48:18,webp
No Title,simp6.jpg5.su,https://simp6.jpg5.su/images3/23412441e905a0ef086662a2.md.webp,2025-07-25,22:48:19,webp
No Title,simp6.jpg5.su,https://simp6.jpg5.su/images3/IMG_20241026_224121_079b151bc5fe3a4ec9c.md.jpg,2025-07-25,22:48:21,jpg
No Title,simp6.jpg5.su,https://simp6.jpg5.su/images3/photo_2024-11-04_20-33-124fb5e6a34bd093cf.jpg,2025-07-25,22:48:22,jpg
No Title,data.saint2.cr,https://data.saint2.cr/data/fe9cc2edfb05fdfb2130825ee8d6aa35.mp4,2025-07-25,22:48:32,mp4
No Title,data.saint2.cr,https://data.saint2.cr/data/6e0e43f4d8df53f98d9f0131269206f4.mp4,2025-07-25,22:48:35,mp4
"Learn Chinese with Vickibaybeee - ""Ball So Hard"" - YouTube",youtu.be,https://youtu.be/12Sb6X3K1Lg?feature=shared,2025-07-25,22:51:39,
Import Bible Summer Collection 2015 feat. Vicki Li - YouTube,youtu.be,https://youtu.be/UcqqWyKCza0?feature=shared,2025-07-25,22:51:41,
"""Bittersweet"" MV - BTS ft. Vicki Li - YouTube",youtu.be,https://youtu.be/H_U_O71fKK0?feature=shared,2025-07-25,22:51:43,
Hot Import Nights Honolulu 2017 - Official Aftermovie - YouTube,youtu.be,https://youtu.be/zh83XhKVrX4?feature=shared,2025-07-25,22:51:45,
#CCGX Special Interview Dannie Riel and Vicki Baybeee - YouTube,youtu.be,https://youtu.be/F8OJ6NoJpVw?feature=shared,2025-07-25,22:51:47,
The Cars and Models of Spocom Hawaii 2014 - YouTube,youtu.be,https://youtu.be/KWS9HxvxGfU?feature=shared,2025-07-25,22:51:49,
Bikini Contest Series: 2014 Spocom Hawaii #2 Hosted by Timothy DeLaGhetto from MTV's Wild N Out. - YouTube,youtu.be,https://youtu.be/71tUXJHpwHo?feature=shared,2025-07-25,22:51:51,
vln1 - JPG6,jpg5.su,https://jpg5.su/a/vln1.Ytx0HS,2025-07-25,22:51:54,ytx0hs
vln2 | Bunkr,bunkr.cr,https://bunkr.cr/a/n1zbTzc3,2025-07-25,22:52:25,
ec84912beac39ceb9cadaaab61d137f4.mp4,saint2.su,https://saint2.su/embed/QEiGhJW5qu3,2025-07-25,22:52:32,
"Teen Cam Girls, 18+ Teenage Girls Fuck & Suck Live Sexchat & Webcam Show | CAM4.com",energizeio.com,https://energizeio.com/cjzyl4k.php?key=gic7a3w4swui638ilk3s,2025-07-25,22:54:09,php
No Title,data.saint2.cr,https://data.saint2.cr/data/712d8400bf5afbe5c422053322690ef8.mp4,2025-07-25,22:58:07,mp4
No Title,data.saint2.cr,https://data.saint2.cr/data/110a5e2b76932b8c42129cf27f96d2e7.mp4,2025-07-25,22:58:10,mp4
No Title,data.saint2.cr,https://data.saint2.cr/data/50ca3203742e1c9fc1aa5219d7f31a6c.mp4,2025-07-25,22:58:15,mp4
Gofile - Cloud Storage Made Simple,gofile.io,https://gofile.io/d/strs7t,2025-07-25,22:58:25,
4258337-f1df71add6bf6544a6b5d1a3926e46b2.mp4 | Bunkr,bunkr.cr,https://bunkr.cr/v/vItrTX0iEZNsp,2025-07-25,22:59:16,
Screenshot 2023 12 27 021120 - JPG6,jpg5.su,https://jpg5.su/img/screenshot-2023-12-27-021120.Y8UzloH,2025-07-25,22:59:47,
42noy00vy19c1 - JPG6,jpg5.su,https://jpg5.su/img/42noy00vy19c1.Y8cjSS9,2025-07-25,22:59:50,
No Title,data.saint2.cr,https://data.saint2.cr/data/57413621bd98744ed9f01b656ef2492e.mp4,2025-07-25,23:00:29,mp4
No Title,media.redgifs.com,https://media.redgifs.com/CourageousDarkkhakiMurrelet-mobile.m4s,2025-07-25,23:00:31,m4s
No Title,media.redgifs.com,https://media.redgifs.com/FrigidKhakiAustraliancurlew-mobile.m4s,2025-07-25,23:00:34,m4s
No Title,media.redgifs.com,https://media.redgifs.com/SubduedNoteworthyHypsilophodon-mobile.m4s,2025-07-25,23:00:38,m4s
No Title,media.redgifs.com,https://media.redgifs.com/MurkyPowerlessNightingale-mobile.m4s,2025-07-25,23:00:41,m4s
No Title,media.redgifs.com,https://media.redgifs.com/ExtrovertedNeedyFirecrest-mobile.m4s,2025-07-25,23:00:43,m4s
No Title,media.redgifs.com,https://media.redgifs.com/WryRoughRedtailedhawk-mobile.m4s,2025-07-25,23:00:45,m4s
No Title,media.redgifs.com,https://media.redgifs.com/RareNavajowhiteEquestrian-mobile.m4s,2025-07-25,23:00:48,m4s
No Title,media.redgifs.com,https://media.redgifs.com/SqueakyChubbyLeech-mobile.m4s,2025-07-25,23:00:49,m4s
Not Found | BUNKR,bunkr.cr,https://bunkr.cr/v/d42lPAfaLOW4p,2025-07-25,23:03:13,
lN6fhc7SunJvQViROS0S503jKWPjA42y.mp4 | Bunkr,bunkr.cr,https://bunkr.cr/v/6FYhN34ic1q9h,2025-07-25,23:03:16,
Gofile - Cloud Storage Made Simple,gofile.io,https://gofile.io/d/r76OYi,2025-07-25,23:03:19,
YHrPINo - JPG6,jpg5.su,https://jpg5.su/img/26CDtG,2025-07-25,23:04:09,
AxiagdI - JPG6,jpg5.su,https://jpg5.su/img/IAI1H9,2025-07-25,23:05:24,
945d9f90 f6d6 11eb aafd 933fb35fef39 - JPG6,jpg5.su,https://jpg5.su/img/4z81uu,2025-07-25,23:08:49,
vln1 - JPG6,jpg6.su,https://jpg6.su/a/vln1.Ytx0HS,2025-07-25,23:09:21,ytx0hs
No Title,raw.githubusercontent.com,https://raw.githubusercontent.com/carcar9626/djjtb/refs/heads/main/djjtb/quick_tools/link_grabber.py?token=GHSAT0AAAAAADIBOB3UFS3JXPJ7GKAX6B322EEJBLA,2025-07-25,23:14:39,py
No Title,,https,2025-07-25,23:34:32,
945d9f90 f6d6 11eb aafd 933fb35fef39 - JPG6,jpg5.su,https://jpg5.su/img/4z81uu,2025-07-25,23:38:41,
b2dc1700 f6d4 11eb aafd 933fb35fef39 - JPG6,jpg5.su,https://jpg5.su/img/4z84dH,2025-07-25,23:38:42,
c046c5f0 f6d6 11eb aafd 933fb35fef39 - JPG6,jpg5.su,https://jpg5.su/img/4z8IpA,2025-07-25,23:38:44,
de6addd0 f6d3 11eb aafd 933fb35fef39 - JPG6,jpg5.su,https://jpg5.su/img/4z8Sv1,2025-07-25,23:38:45,
3aca1040 f6d5 11eb aafd 933fb35fef39 - JPG6,jpg5.su,https://jpg5.su/img/4z8dLI,2025-07-25,23:38:46,
$10 ppv - JPG6,jpg5.su,https://jpg5.su/img/4zBobp,2025-07-25,23:38:48,
$35 ppv - JPG6,jpg5.su,https://jpg5.su/img/4zG7En,2025-07-25,23:38:49,
174ED286 55F4 408C 8B2E 872012A44DB2 - JPG6,jpg5.su,https://jpg5.su/img/8NqVZD,2025-07-25,23:38:50,
F0E3ABE4 5553 4392 914E 4D854DF1CC1F - JPG6,jpg5.su,https://jpg5.su/img/8NqpIS,2025-07-25,23:38:51,
RqoXTCD - JPG6,jpg5.su,https://jpg5.su/img/9t63LP,2025-07-25,23:38:52,
lOReYZ0 - JPG6,jpg5.su,https://jpg5.su/img/9t67Ya,2025-07-25,23:38:53,
zgiKuFg - JPG6,jpg5.su,https://jpg5.su/img/9t6CvI,2025-07-25,23:38:54,
5VbsMyw - JPG6,jpg5.su,https://jpg5.su/img/9t6EhH,2025-07-25,23:38:55,
07YvrIA - JPG6,jpg5.su,https://jpg5.su/img/9t6FcA,2025-07-25,23:38:57,
1palyMJ - JPG6,jpg5.su,https://jpg5.su/img/9t6LY1,2025-07-25,23:38:58,
uS6C021 - JPG6,jpg5.su,https://jpg5.su/img/9t6Nuo,2025-07-25,23:39:00,
31z3qdiafos81 - JPG6,jpg5.su,https://jpg5.su/img/9t6WK6,2025-07-25,23:39:01,
ishio6l8fos81 - JPG6,jpg5.su,https://jpg5.su/img/9t6Y05,2025-07-25,23:39:02,
T8ZjzG2 - JPG6,jpg5.su,https://jpg5.su/img/9t6aPK,2025-07-25,23:39:03,
